date,commit,scene,width,height,spp,threads,traversal,split,leaf,round,render_ms,build_ms,rays_primary,rays_shadow,rays_bounce,rays_total,calls,nodes,triangles,image_md5
2026-10-05,73f524d,macho-cows,256,256,1,20,linear,median,4,1,3809.899,2.410,65536,60242,58937,184715,3140155,0,3264652910,29a5bb767115b60dea93850af9750aed
2026-10-05,73f524d,macho-cows,256,256,1,20,recursive,median,4,1,31.105,2.514,65536,60242,58937,184715,3140155,4069473,493144,29a5bb767115b60dea93850af9750aed
2026-10-05,73f524d,macho-cows,256,256,1,20,iterative,median,4,1,31.358,2.407,65536,60242,58937,184715,3140155,4069473,493144,29a5bb767115b60dea93850af9750aed
2026-10-05,73f524d,hier,256,256,1,20,linear,median,4,1,30.803,0.011,65536,114496,56511,236543,946172,0,14665666,624ae405112ef23f4d06c01330c14529
2026-10-05,73f524d,hier,256,256,1,20,recursive,median,4,1,21.082,0.011,65536,114496,56511,236543,946172,1527558,493928,624ae405112ef23f4d06c01330c14529
2026-10-05,73f524d,hier,256,256,1,20,iterative,median,4,1,19.433,0.012,65536,114496,56511,236543,946172,1527558,493928,624ae405112ef23f4d06c01330c14529
2026-10-05,73f524d,instance,256,256,1,20,linear,median,4,1,44.376,0.005,65536,57035,56309,178880,2325440,0,26116480,91130180dd8d4350bfa2289bf4bc4518
2026-10-05,73f524d,instance,256,256,1,20,recursive,median,4,1,26.169,0.005,65536,57035,56309,178880,2325440,2397050,244266,91130180dd8d4350bfa2289bf4bc4518
2026-10-05,73f524d,instance,256,256,1,20,iterative,median,4,1,24.464,0.005,65536,57035,56309,178880,2325440,2397050,244266,91130180dd8d4350bfa2289bf4bc4518
2026-10-05,73f524d,nonhier2,512,512,1,20,linear,median,4,1,75.741,0.023,262144,295460,140051,697655,1395310,0,50231160,2f4027625c3a93f15b219e5327e0d0d5
2026-10-05,73f524d,nonhier2,512,512,1,20,recursive,median,4,1,42.430,0.014,262144,295460,140051,697655,1395310,1836334,418081,2f4027625c3a93f15b219e5327e0d0d5
2026-10-05,73f524d,nonhier2,512,512,1,20,iterative,median,4,1,38.058,0.014,262144,295460,140051,697655,1395310,1836334,418081,2f4027625c3a93f15b219e5327e0d0d5
2026-10-05,73f524d,macho-cows,256,256,1,20,linear,median,4,2,3981.986,2.410,65536,60242,58937,184715,3140155,0,3264652910,29a5bb767115b60dea93850af9750aed
2026-10-05,73f524d,macho-cows,256,256,1,20,recursive,median,4,2,33.438,2.514,65536,60242,58937,184715,3140155,4069473,493144,29a5bb767115b60dea93850af9750aed
2026-10-05,73f524d,macho-cows,256,256,1,20,iterative,median,4,2,33.901,2.407,65536,60242,58937,184715,3140155,4069473,493144,29a5bb767115b60dea93850af9750aed
2026-10-05,73f524d,hier,256,256,1,20,linear,median,4,2,32.023,0.011,65536,114496,56511,236543,946172,0,14665666,624ae405112ef23f4d06c01330c14529
2026-10-05,73f524d,hier,256,256,1,20,recursive,median,4,2,21.126,0.011,65536,114496,56511,236543,946172,1527558,493928,624ae405112ef23f4d06c01330c14529
2026-10-05,73f524d,hier,256,256,1,20,iterative,median,4,2,21.165,0.012,65536,114496,56511,236543,946172,1527558,493928,624ae405112ef23f4d06c01330c14529
2026-10-05,73f524d,instance,256,256,1,20,linear,median,4,2,46.983,0.005,65536,57035,56309,178880,2325440,0,26116480,91130180dd8d4350bfa2289bf4bc4518
2026-10-05,73f524d,instance,256,256,1,20,recursive,median,4,2,27.806,0.005,65536,57035,56309,178880,2325440,2397050,244266,91130180dd8d4350bfa2289bf4bc4518
2026-10-05,73f524d,instance,256,256,1,20,iterative,median,4,2,28.284,0.005,65536,57035,56309,178880,2325440,2397050,244266,91130180dd8d4350bfa2289bf4bc4518
2026-10-05,73f524d,nonhier2,512,512,1,20,linear,median,4,2,88.536,0.023,262144,295460,140051,697655,1395310,0,50231160,2f4027625c3a93f15b219e5327e0d0d5
2026-10-05,73f524d,nonhier2,512,512,1,20,recursive,median,4,2,41.693,0.014,262144,295460,140051,697655,1395310,1836334,418081,2f4027625c3a93f15b219e5327e0d0d5
2026-10-05,73f524d,nonhier2,512,512,1,20,iterative,median,4,2,39.949,0.014,262144,295460,140051,697655,1395310,1836334,418081,2f4027625c3a93f15b219e5327e0d0d5
2026-10-05,73f524d,macho-cows,256,256,1,20,linear,median,4,3,4155.068,2.410,65536,60242,58937,184715,3140155,0,3264652910,29a5bb767115b60dea93850af9750aed
2026-10-05,73f524d,macho-cows,256,256,1,20,recursive,median,4,3,32.873,2.514,65536,60242,58937,184715,3140155,4069473,493144,29a5bb767115b60dea93850af9750aed
2026-10-05,73f524d,macho-cows,256,256,1,20,iterative,median,4,3,32.794,2.407,65536,60242,58937,184715,3140155,4069473,493144,29a5bb767115b60dea93850af9750aed
2026-10-05,73f524d,hier,256,256,1,20,linear,median,4,3,33.275,0.011,65536,114496,56511,236543,946172,0,14665666,624ae405112ef23f4d06c01330c14529
2026-10-05,73f524d,hier,256,256,1,20,recursive,median,4,3,20.592,0.011,65536,114496,56511,236543,946172,1527558,493928,624ae405112ef23f4d06c01330c14529
2026-10-05,73f524d,hier,256,256,1,20,iterative,median,4,3,21.210,0.012,65536,114496,56511,236543,946172,1527558,493928,624ae405112ef23f4d06c01330c14529
2026-10-05,73f524d,instance,256,256,1,20,linear,median,4,3,49.807,0.005,65536,57035,56309,178880,2325440,0,26116480,91130180dd8d4350bfa2289bf4bc4518
2026-10-05,73f524d,instance,256,256,1,20,recursive,median,4,3,27.782,0.005,65536,57035,56309,178880,2325440,2397050,244266,91130180dd8d4350bfa2289bf4bc4518
2026-10-05,73f524d,instance,256,256,1,20,iterative,median,4,3,27.794,0.005,65536,57035,56309,178880,2325440,2397050,244266,91130180dd8d4350bfa2289bf4bc4518
2026-10-05,73f524d,nonhier2,512,512,1,20,linear,median,4,3,82.922,0.023,262144,295460,140051,697655,1395310,0,50231160,2f4027625c3a93f15b219e5327e0d0d5
2026-10-05,73f524d,nonhier2,512,512,1,20,recursive,median,4,3,41.519,0.014,262144,295460,140051,697655,1395310,1836334,418081,2f4027625c3a93f15b219e5327e0d0d5
2026-10-05,73f524d,nonhier2,512,512,1,20,iterative,median,4,3,42.111,0.014,262144,295460,140051,697655,1395310,1836334,418081,2f4027625c3a93f15b219e5327e0d0d5
2026-10-05,73f524d,macho-cows,256,256,1,20,linear,median,4,4,4009.543,2.410,65536,60242,58937,184715,3140155,0,3264652910,29a5bb767115b60dea93850af9750aed
2026-10-05,73f524d,macho-cows,256,256,1,20,recursive,median,4,4,32.018,2.514,65536,60242,58937,184715,3140155,4069473,493144,29a5bb767115b60dea93850af9750aed
2026-10-05,73f524d,macho-cows,256,256,1,20,iterative,median,4,4,33.796,2.407,65536,60242,58937,184715,3140155,4069473,493144,29a5bb767115b60dea93850af9750aed
2026-10-05,73f524d,hier,256,256,1,20,linear,median,4,4,32.930,0.011,65536,114496,56511,236543,946172,0,14665666,624ae405112ef23f4d06c01330c14529
2026-10-05,73f524d,hier,256,256,1,20,recursive,median,4,4,21.512,0.011,65536,114496,56511,236543,946172,1527558,493928,624ae405112ef23f4d06c01330c14529
2026-10-05,73f524d,hier,256,256,1,20,iterative,median,4,4,20.998,0.012,65536,114496,56511,236543,946172,1527558,493928,624ae405112ef23f4d06c01330c14529
2026-10-05,73f524d,instance,256,256,1,20,linear,median,4,4,50.554,0.005,65536,57035,56309,178880,2325440,0,26116480,91130180dd8d4350bfa2289bf4bc4518
2026-10-05,73f524d,instance,256,256,1,20,recursive,median,4,4,26.503,0.005,65536,57035,56309,178880,2325440,2397050,244266,91130180dd8d4350bfa2289bf4bc4518
2026-10-05,73f524d,instance,256,256,1,20,iterative,median,4,4,27.967,0.005,65536,57035,56309,178880,2325440,2397050,244266,91130180dd8d4350bfa2289bf4bc4518
2026-10-05,73f524d,nonhier2,512,512,1,20,linear,median,4,4,89.477,0.023,262144,295460,140051,697655,1395310,0,50231160,2f4027625c3a93f15b219e5327e0d0d5
2026-10-05,73f524d,nonhier2,512,512,1,20,recursive,median,4,4,44.335,0.014,262144,295460,140051,697655,1395310,1836334,418081,2f4027625c3a93f15b219e5327e0d0d5
2026-10-05,73f524d,nonhier2,512,512,1,20,iterative,median,4,4,40.105,0.014,262144,295460,140051,697655,1395310,1836334,418081,2f4027625c3a93f15b219e5327e0d0d5
2026-10-05,73f524d,macho-cows,256,256,1,20,linear,median,4,5,4144.414,2.410,65536,60242,58937,184715,3140155,0,3264652910,29a5bb767115b60dea93850af9750aed
2026-10-05,73f524d,macho-cows,256,256,1,20,recursive,median,4,5,38.397,2.514,65536,60242,58937,184715,3140155,4069473,493144,29a5bb767115b60dea93850af9750aed
2026-10-05,73f524d,macho-cows,256,256,1,20,iterative,median,4,5,32.500,2.407,65536,60242,58937,184715,3140155,4069473,493144,29a5bb767115b60dea93850af9750aed
2026-10-05,73f524d,hier,256,256,1,20,linear,median,4,5,30.509,0.011,65536,114496,56511,236543,946172,0,14665666,624ae405112ef23f4d06c01330c14529
2026-10-05,73f524d,hier,256,256,1,20,recursive,median,4,5,21.249,0.011,65536,114496,56511,236543,946172,1527558,493928,624ae405112ef23f4d06c01330c14529
2026-10-05,73f524d,hier,256,256,1,20,iterative,median,4,5,21.558,0.012,65536,114496,56511,236543,946172,1527558,493928,624ae405112ef23f4d06c01330c14529
2026-10-05,73f524d,instance,256,256,1,20,linear,median,4,5,51.449,0.005,65536,57035,56309,178880,2325440,0,26116480,91130180dd8d4350bfa2289bf4bc4518
2026-10-05,73f524d,instance,256,256,1,20,recursive,median,4,5,28.295,0.005,65536,57035,56309,178880,2325440,2397050,244266,91130180dd8d4350bfa2289bf4bc4518
2026-10-05,73f524d,instance,256,256,1,20,iterative,median,4,5,27.834,0.005,65536,57035,56309,178880,2325440,2397050,244266,91130180dd8d4350bfa2289bf4bc4518
2026-10-05,73f524d,nonhier2,512,512,1,20,linear,median,4,5,85.811,0.023,262144,295460,140051,697655,1395310,0,50231160,2f4027625c3a93f15b219e5327e0d0d5
2026-10-05,73f524d,nonhier2,512,512,1,20,recursive,median,4,5,40.838,0.014,262144,295460,140051,697655,1395310,1836334,418081,2f4027625c3a93f15b219e5327e0d0d5
2026-10-05,73f524d,nonhier2,512,512,1,20,iterative,median,4,5,44.855,0.014,262144,295460,140051,697655,1395310,1836334,418081,2f4027625c3a93f15b219e5327e0d0d5
2026-10-05,73f524d,macho-cows,256,256,1,20,linear,median,4,6,4043.238,2.410,65536,60242,58937,184715,3140155,0,3264652910,29a5bb767115b60dea93850af9750aed
2026-10-05,73f524d,macho-cows,256,256,1,20,recursive,median,4,6,33.421,2.514,65536,60242,58937,184715,3140155,4069473,493144,29a5bb767115b60dea93850af9750aed
2026-10-05,73f524d,macho-cows,256,256,1,20,iterative,median,4,6,32.049,2.407,65536,60242,58937,184715,3140155,4069473,493144,29a5bb767115b60dea93850af9750aed
2026-10-05,73f524d,hier,256,256,1,20,linear,median,4,6,31.579,0.011,65536,114496,56511,236543,946172,0,14665666,624ae405112ef23f4d06c01330c14529
2026-10-05,73f524d,hier,256,256,1,20,recursive,median,4,6,22.152,0.011,65536,114496,56511,236543,946172,1527558,493928,624ae405112ef23f4d06c01330c14529
2026-10-05,73f524d,hier,256,256,1,20,iterative,median,4,6,22.474,0.012,65536,114496,56511,236543,946172,1527558,493928,624ae405112ef23f4d06c01330c14529
2026-10-05,73f524d,instance,256,256,1,20,linear,median,4,6,49.199,0.005,65536,57035,56309,178880,2325440,0,26116480,91130180dd8d4350bfa2289bf4bc4518
2026-10-05,73f524d,instance,256,256,1,20,recursive,median,4,6,26.602,0.005,65536,57035,56309,178880,2325440,2397050,244266,91130180dd8d4350bfa2289bf4bc4518
2026-10-05,73f524d,instance,256,256,1,20,iterative,median,4,6,31.398,0.005,65536,57035,56309,178880,2325440,2397050,244266,91130180dd8d4350bfa2289bf4bc4518
2026-10-05,73f524d,nonhier2,512,512,1,20,linear,median,4,6,100.356,0.023,262144,295460,140051,697655,1395310,0,50231160,2f4027625c3a93f15b219e5327e0d0d5
2026-10-05,73f524d,nonhier2,512,512,1,20,recursive,median,4,6,43.301,0.014,262144,295460,140051,697655,1395310,1836334,418081,2f4027625c3a93f15b219e5327e0d0d5
2026-10-05,73f524d,nonhier2,512,512,1,20,iterative,median,4,6,43.707,0.014,262144,295460,140051,697655,1395310,1836334,418081,2f4027625c3a93f15b219e5327e0d0d5
2026-10-05,73f524d,macho-cows,256,256,1,20,linear,median,4,7,4471.649,2.410,65536,60242,58937,184715,3140155,0,3264652910,29a5bb767115b60dea93850af9750aed
2026-10-05,73f524d,macho-cows,256,256,1,20,recursive,median,4,7,33.717,2.514,65536,60242,58937,184715,3140155,4069473,493144,29a5bb767115b60dea93850af9750aed
2026-10-05,73f524d,macho-cows,256,256,1,20,iterative,median,4,7,35.310,2.407,65536,60242,58937,184715,3140155,4069473,493144,29a5bb767115b60dea93850af9750aed
2026-10-05,73f524d,hier,256,256,1,20,linear,median,4,7,32.551,0.011,65536,114496,56511,236543,946172,0,14665666,624ae405112ef23f4d06c01330c14529
2026-10-05,73f524d,hier,256,256,1,20,recursive,median,4,7,21.259,0.011,65536,114496,56511,236543,946172,1527558,493928,624ae405112ef23f4d06c01330c14529
2026-10-05,73f524d,hier,256,256,1,20,iterative,median,4,7,22.576,0.012,65536,114496,56511,236543,946172,1527558,493928,624ae405112ef23f4d06c01330c14529
2026-10-05,73f524d,instance,256,256,1,20,linear,median,4,7,47.447,0.005,65536,57035,56309,178880,2325440,0,26116480,91130180dd8d4350bfa2289bf4bc4518
2026-10-05,73f524d,instance,256,256,1,20,recursive,median,4,7,25.933,0.005,65536,57035,56309,178880,2325440,2397050,244266,91130180dd8d4350bfa2289bf4bc4518
2026-10-05,73f524d,instance,256,256,1,20,iterative,median,4,7,30.975,0.005,65536,57035,56309,178880,2325440,2397050,244266,91130180dd8d4350bfa2289bf4bc4518
2026-10-05,73f524d,nonhier2,512,512,1,20,linear,median,4,7,94.108,0.023,262144,295460,140051,697655,1395310,0,50231160,2f4027625c3a93f15b219e5327e0d0d5
2026-10-05,73f524d,nonhier2,512,512,1,20,recursive,median,4,7,42.816,0.014,262144,295460,140051,697655,1395310,1836334,418081,2f4027625c3a93f15b219e5327e0d0d5
2026-10-05,73f524d,nonhier2,512,512,1,20,iterative,median,4,7,41.507,0.014,262144,295460,140051,697655,1395310,1836334,418081,2f4027625c3a93f15b219e5327e0d0d5
2026-10-05,73f524d,macho-cows,256,256,1,20,linear,median,4,8,4511.401,2.410,65536,60242,58937,184715,3140155,0,3264652910,29a5bb767115b60dea93850af9750aed
2026-10-05,73f524d,macho-cows,256,256,1,20,recursive,median,4,8,32.498,2.514,65536,60242,58937,184715,3140155,4069473,493144,29a5bb767115b60dea93850af9750aed
2026-10-05,73f524d,macho-cows,256,256,1,20,iterative,median,4,8,37.194,2.407,65536,60242,58937,184715,3140155,4069473,493144,29a5bb767115b60dea93850af9750aed
2026-10-05,73f524d,hier,256,256,1,20,linear,median,4,8,30.873,0.011,65536,114496,56511,236543,946172,0,14665666,624ae405112ef23f4d06c01330c14529
2026-10-05,73f524d,hier,256,256,1,20,recursive,median,4,8,22.856,0.011,65536,114496,56511,236543,946172,1527558,493928,624ae405112ef23f4d06c01330c14529
2026-10-05,73f524d,hier,256,256,1,20,iterative,median,4,8,21.339,0.012,65536,114496,56511,236543,946172,1527558,493928,624ae405112ef23f4d06c01330c14529
2026-10-05,73f524d,instance,256,256,1,20,linear,median,4,8,47.233,0.005,65536,57035,56309,178880,2325440,0,26116480,91130180dd8d4350bfa2289bf4bc4518
2026-10-05,73f524d,instance,256,256,1,20,recursive,median,4,8,27.697,0.005,65536,57035,56309,178880,2325440,2397050,244266,91130180dd8d4350bfa2289bf4bc4518
2026-10-05,73f524d,instance,256,256,1,20,iterative,median,4,8,26.389,0.005,65536,57035,56309,178880,2325440,2397050,244266,91130180dd8d4350bfa2289bf4bc4518
2026-10-05,73f524d,nonhier2,512,512,1,20,linear,median,4,8,91.678,0.023,262144,295460,140051,697655,1395310,0,50231160,2f4027625c3a93f15b219e5327e0d0d5
2026-10-05,73f524d,nonhier2,512,512,1,20,recursive,median,4,8,41.971,0.014,262144,295460,140051,697655,1395310,1836334,418081,2f4027625c3a93f15b219e5327e0d0d5
2026-10-05,73f524d,nonhier2,512,512,1,20,iterative,median,4,8,39.551,0.014,262144,295460,140051,697655,1395310,1836334,418081,2f4027625c3a93f15b219e5327e0d0d5
2026-10-05,73f524d,macho-cows,256,256,1,20,linear,median,4,9,4479.962,2.410,65536,60242,58937,184715,3140155,0,3264652910,29a5bb767115b60dea93850af9750aed
2026-10-05,73f524d,macho-cows,256,256,1,20,recursive,median,4,9,33.040,2.514,65536,60242,58937,184715,3140155,4069473,493144,29a5bb767115b60dea93850af9750aed
2026-10-05,73f524d,macho-cows,256,256,1,20,iterative,median,4,9,37.254,2.407,65536,60242,58937,184715,3140155,4069473,493144,29a5bb767115b60dea93850af9750aed
2026-10-05,73f524d,hier,256,256,1,20,linear,median,4,9,33.624,0.011,65536,114496,56511,236543,946172,0,14665666,624ae405112ef23f4d06c01330c14529
2026-10-05,73f524d,hier,256,256,1,20,recursive,median,4,9,22.226,0.011,65536,114496,56511,236543,946172,1527558,493928,624ae405112ef23f4d06c01330c14529
2026-10-05,73f524d,hier,256,256,1,20,iterative,median,4,9,20.864,0.012,65536,114496,56511,236543,946172,1527558,493928,624ae405112ef23f4d06c01330c14529
2026-10-05,73f524d,instance,256,256,1,20,linear,median,4,9,58.722,0.005,65536,57035,56309,178880,2325440,0,26116480,91130180dd8d4350bfa2289bf4bc4518
2026-10-05,73f524d,instance,256,256,1,20,recursive,median,4,9,26.526,0.005,65536,57035,56309,178880,2325440,2397050,244266,91130180dd8d4350bfa2289bf4bc4518
2026-10-05,73f524d,instance,256,256,1,20,iterative,median,4,9,32.765,0.005,65536,57035,56309,178880,2325440,2397050,244266,91130180dd8d4350bfa2289bf4bc4518
2026-10-05,73f524d,nonhier2,512,512,1,20,linear,median,4,9,96.323,0.023,262144,295460,140051,697655,1395310,0,50231160,2f4027625c3a93f15b219e5327e0d0d5
2026-10-05,73f524d,nonhier2,512,512,1,20,recursive,median,4,9,47.464,0.014,262144,295460,140051,697655,1395310,1836334,418081,2f4027625c3a93f15b219e5327e0d0d5
2026-10-05,73f524d,nonhier2,512,512,1,20,iterative,median,4,9,44.943,0.014,262144,295460,140051,697655,1395310,1836334,418081,2f4027625c3a93f15b219e5327e0d0d5
2026-10-05,73f524d,macho-cows,256,256,1,20,linear,median,4,10,4593.556,2.410,65536,60242,58937,184715,3140155,0,3264652910,29a5bb767115b60dea93850af9750aed
2026-10-05,73f524d,macho-cows,256,256,1,20,recursive,median,4,10,33.635,2.514,65536,60242,58937,184715,3140155,4069473,493144,29a5bb767115b60dea93850af9750aed
2026-10-05,73f524d,macho-cows,256,256,1,20,iterative,median,4,10,36.865,2.407,65536,60242,58937,184715,3140155,4069473,493144,29a5bb767115b60dea93850af9750aed
2026-10-05,73f524d,hier,256,256,1,20,linear,median,4,10,33.099,0.011,65536,114496,56511,236543,946172,0,14665666,624ae405112ef23f4d06c01330c14529
2026-10-05,73f524d,hier,256,256,1,20,recursive,median,4,10,20.991,0.011,65536,114496,56511,236543,946172,1527558,493928,624ae405112ef23f4d06c01330c14529
2026-10-05,73f524d,hier,256,256,1,20,iterative,median,4,10,20.181,0.012,65536,114496,56511,236543,946172,1527558,493928,624ae405112ef23f4d06c01330c14529
2026-10-05,73f524d,instance,256,256,1,20,linear,median,4,10,47.440,0.005,65536,57035,56309,178880,2325440,0,26116480,91130180dd8d4350bfa2289bf4bc4518
2026-10-05,73f524d,instance,256,256,1,20,recursive,median,4,10,28.735,0.005,65536,57035,56309,178880,2325440,2397050,244266,91130180dd8d4350bfa2289bf4bc4518
2026-10-05,73f524d,instance,256,256,1,20,iterative,median,4,10,28.316,0.005,65536,57035,56309,178880,2325440,2397050,244266,91130180dd8d4350bfa2289bf4bc4518
2026-10-05,73f524d,nonhier2,512,512,1,20,linear,median,4,10,99.081,0.023,262144,295460,140051,697655,1395310,0,50231160,2f4027625c3a93f15b219e5327e0d0d5
2026-10-05,73f524d,nonhier2,512,512,1,20,recursive,median,4,10,45.005,0.014,262144,295460,140051,697655,1395310,1836334,418081,2f4027625c3a93f15b219e5327e0d0d5
2026-10-05,73f524d,nonhier2,512,512,1,20,iterative,median,4,10,44.297,0.014,262144,295460,140051,697655,1395310,1836334,418081,2f4027625c3a93f15b219e5327e0d0d5
2026-10-05,73f524d,macho-cows,256,256,1,20,linear,median,4,11,4632.381,2.410,65536,60242,58937,184715,3140155,0,3264652910,29a5bb767115b60dea93850af9750aed
2026-10-05,73f524d,macho-cows,256,256,1,20,recursive,median,4,11,32.217,2.514,65536,60242,58937,184715,3140155,4069473,493144,29a5bb767115b60dea93850af9750aed
2026-10-05,73f524d,macho-cows,256,256,1,20,iterative,median,4,11,33.993,2.407,65536,60242,58937,184715,3140155,4069473,493144,29a5bb767115b60dea93850af9750aed
2026-10-05,73f524d,hier,256,256,1,20,linear,median,4,11,32.717,0.011,65536,114496,56511,236543,946172,0,14665666,624ae405112ef23f4d06c01330c14529
2026-10-05,73f524d,hier,256,256,1,20,recursive,median,4,11,21.851,0.011,65536,114496,56511,236543,946172,1527558,493928,624ae405112ef23f4d06c01330c14529
2026-10-05,73f524d,hier,256,256,1,20,iterative,median,4,11,21.609,0.012,65536,114496,56511,236543,946172,1527558,493928,624ae405112ef23f4d06c01330c14529
2026-10-05,73f524d,instance,256,256,1,20,linear,median,4,11,47.755,0.005,65536,57035,56309,178880,2325440,0,26116480,91130180dd8d4350bfa2289bf4bc4518
2026-10-05,73f524d,instance,256,256,1,20,recursive,median,4,11,29.602,0.005,65536,57035,56309,178880,2325440,2397050,244266,91130180dd8d4350bfa2289bf4bc4518
2026-10-05,73f524d,instance,256,256,1,20,iterative,median,4,11,28.711,0.005,65536,57035,56309,178880,2325440,2397050,244266,91130180dd8d4350bfa2289bf4bc4518
2026-10-05,73f524d,nonhier2,512,512,1,20,linear,median,4,11,96.352,0.023,262144,295460,140051,697655,1395310,0,50231160,2f4027625c3a93f15b219e5327e0d0d5
2026-10-05,73f524d,nonhier2,512,512,1,20,recursive,median,4,11,43.968,0.014,262144,295460,140051,697655,1395310,1836334,418081,2f4027625c3a93f15b219e5327e0d0d5
2026-10-05,73f524d,nonhier2,512,512,1,20,iterative,median,4,11,39.438,0.014,262144,295460,140051,697655,1395310,1836334,418081,2f4027625c3a93f15b219e5327e0d0d5
2026-10-05,73f524d,macho-cows,256,256,1,20,linear,median,4,12,4572.987,2.410,65536,60242,58937,184715,3140155,0,3264652910,29a5bb767115b60dea93850af9750aed
2026-10-05,73f524d,macho-cows,256,256,1,20,recursive,median,4,12,36.445,2.514,65536,60242,58937,184715,3140155,4069473,493144,29a5bb767115b60dea93850af9750aed
2026-10-05,73f524d,macho-cows,256,256,1,20,iterative,median,4,12,30.457,2.407,65536,60242,58937,184715,3140155,4069473,493144,29a5bb767115b60dea93850af9750aed
2026-10-05,73f524d,hier,256,256,1,20,linear,median,4,12,29.966,0.011,65536,114496,56511,236543,946172,0,14665666,624ae405112ef23f4d06c01330c14529
2026-10-05,73f524d,hier,256,256,1,20,recursive,median,4,12,21.182,0.011,65536,114496,56511,236543,946172,1527558,493928,624ae405112ef23f4d06c01330c14529
2026-10-05,73f524d,hier,256,256,1,20,iterative,median,4,12,22.473,0.012,65536,114496,56511,236543,946172,1527558,493928,624ae405112ef23f4d06c01330c14529
2026-10-05,73f524d,instance,256,256,1,20,linear,median,4,12,47.444,0.005,65536,57035,56309,178880,2325440,0,26116480,91130180dd8d4350bfa2289bf4bc4518
2026-10-05,73f524d,instance,256,256,1,20,recursive,median,4,12,26.661,0.005,65536,57035,56309,178880,2325440,2397050,244266,91130180dd8d4350bfa2289bf4bc4518
2026-10-05,73f524d,instance,256,256,1,20,iterative,median,4,12,26.183,0.005,65536,57035,56309,178880,2325440,2397050,244266,91130180dd8d4350bfa2289bf4bc4518
2026-10-05,73f524d,nonhier2,512,512,1,20,linear,median,4,12,99.864,0.023,262144,295460,140051,697655,1395310,0,50231160,2f4027625c3a93f15b219e5327e0d0d5
2026-10-05,73f524d,nonhier2,512,512,1,20,recursive,median,4,12,42.602,0.014,262144,295460,140051,697655,1395310,1836334,418081,2f4027625c3a93f15b219e5327e0d0d5
2026-10-05,73f524d,nonhier2,512,512,1,20,iterative,median,4,12,44.902,0.014,262144,295460,140051,697655,1395310,1836334,418081,2f4027625c3a93f15b219e5327e0d0d5
2026-10-05,73f524d,macho-cows,256,256,1,20,linear,median,4,13,4411.622,2.410,65536,60242,58937,184715,3140155,0,3264652910,29a5bb767115b60dea93850af9750aed
2026-10-05,73f524d,macho-cows,256,256,1,20,recursive,median,4,13,39.694,2.514,65536,60242,58937,184715,3140155,4069473,493144,29a5bb767115b60dea93850af9750aed
2026-10-05,73f524d,macho-cows,256,256,1,20,iterative,median,4,13,35.810,2.407,65536,60242,58937,184715,3140155,4069473,493144,29a5bb767115b60dea93850af9750aed
2026-10-05,73f524d,hier,256,256,1,20,linear,median,4,13,33.675,0.011,65536,114496,56511,236543,946172,0,14665666,624ae405112ef23f4d06c01330c14529
2026-10-05,73f524d,hier,256,256,1,20,recursive,median,4,13,23.889,0.011,65536,114496,56511,236543,946172,1527558,493928,624ae405112ef23f4d06c01330c14529
2026-10-05,73f524d,hier,256,256,1,20,iterative,median,4,13,25.878,0.012,65536,114496,56511,236543,946172,1527558,493928,624ae405112ef23f4d06c01330c14529
2026-10-05,73f524d,instance,256,256,1,20,linear,median,4,13,50.987,0.005,65536,57035,56309,178880,2325440,0,26116480,91130180dd8d4350bfa2289bf4bc4518
2026-10-05,73f524d,instance,256,256,1,20,recursive,median,4,13,26.714,0.005,65536,57035,56309,178880,2325440,2397050,244266,91130180dd8d4350bfa2289bf4bc4518
2026-10-05,73f524d,instance,256,256,1,20,iterative,median,4,13,29.164,0.005,65536,57035,56309,178880,2325440,2397050,244266,91130180dd8d4350bfa2289bf4bc4518
2026-10-05,73f524d,nonhier2,512,512,1,20,linear,median,4,13,88.422,0.023,262144,295460,140051,697655,1395310,0,50231160,2f4027625c3a93f15b219e5327e0d0d5
2026-10-05,73f524d,nonhier2,512,512,1,20,recursive,median,4,13,43.532,0.014,262144,295460,140051,697655,1395310,1836334,418081,2f4027625c3a93f15b219e5327e0d0d5
2026-10-05,73f524d,nonhier2,512,512,1,20,iterative,median,4,13,49.493,0.014,262144,295460,140051,697655,1395310,1836334,418081,2f4027625c3a93f15b219e5327e0d0d5
2026-10-05,73f524d,macho-cows,256,256,1,20,linear,median,4,14,5038.115,2.410,65536,60242,58937,184715,3140155,0,3264652910,29a5bb767115b60dea93850af9750aed
2026-10-05,73f524d,macho-cows,256,256,1,20,recursive,median,4,14,32.864,2.514,65536,60242,58937,184715,3140155,4069473,493144,29a5bb767115b60dea93850af9750aed
2026-10-05,73f524d,macho-cows,256,256,1,20,iterative,median,4,14,32.431,2.407,65536,60242,58937,184715,3140155,4069473,493144,29a5bb767115b60dea93850af9750aed
2026-10-05,73f524d,hier,256,256,1,20,linear,median,4,14,38.395,0.011,65536,114496,56511,236543,946172,0,14665666,624ae405112ef23f4d06c01330c14529
2026-10-05,73f524d,hier,256,256,1,20,recursive,median,4,14,23.794,0.011,65536,114496,56511,236543,946172,1527558,493928,624ae405112ef23f4d06c01330c14529
2026-10-05,73f524d,hier,256,256,1,20,iterative,median,4,14,21.081,0.012,65536,114496,56511,236543,946172,1527558,493928,624ae405112ef23f4d06c01330c14529
2026-10-05,73f524d,instance,256,256,1,20,linear,median,4,14,46.315,0.005,65536,57035,56309,178880,2325440,0,26116480,91130180dd8d4350bfa2289bf4bc4518
2026-10-05,73f524d,instance,256,256,1,20,recursive,median,4,14,27.201,0.005,65536,57035,56309,178880,2325440,2397050,244266,91130180dd8d4350bfa2289bf4bc4518
2026-10-05,73f524d,instance,256,256,1,20,iterative,median,4,14,29.675,0.005,65536,57035,56309,178880,2325440,2397050,244266,91130180dd8d4350bfa2289bf4bc4518
2026-10-05,73f524d,nonhier2,512,512,1,20,linear,median,4,14,103.965,0.023,262144,295460,140051,697655,1395310,0,50231160,2f4027625c3a93f15b219e5327e0d0d5
2026-10-05,73f524d,nonhier2,512,512,1,20,recursive,median,4,14,51.104,0.014,262144,295460,140051,697655,1395310,1836334,418081,2f4027625c3a93f15b219e5327e0d0d5
2026-10-05,73f524d,nonhier2,512,512,1,20,iterative,median,4,14,44.972,0.014,262144,295460,140051,697655,1395310,1836334,418081,2f4027625c3a93f15b219e5327e0d0d5
2026-10-05,73f524d,macho-cows,256,256,1,20,linear,median,4,15,5306.108,2.410,65536,60242,58937,184715,3140155,0,3264652910,29a5bb767115b60dea93850af9750aed
2026-10-05,73f524d,macho-cows,256,256,1,20,recursive,median,4,15,36.410,2.514,65536,60242,58937,184715,3140155,4069473,493144,29a5bb767115b60dea93850af9750aed
2026-10-05,73f524d,macho-cows,256,256,1,20,iterative,median,4,15,39.603,2.407,65536,60242,58937,184715,3140155,4069473,493144,29a5bb767115b60dea93850af9750aed
2026-10-05,73f524d,hier,256,256,1,20,linear,median,4,15,31.067,0.011,65536,114496,56511,236543,946172,0,14665666,624ae405112ef23f4d06c01330c14529
2026-10-05,73f524d,hier,256,256,1,20,recursive,median,4,15,24.726,0.011,65536,114496,56511,236543,946172,1527558,493928,624ae405112ef23f4d06c01330c14529
2026-10-05,73f524d,hier,256,256,1,20,iterative,median,4,15,19.890,0.012,65536,114496,56511,236543,946172,1527558,493928,624ae405112ef23f4d06c01330c14529
2026-10-05,73f524d,instance,256,256,1,20,linear,median,4,15,47.251,0.005,65536,57035,56309,178880,2325440,0,26116480,91130180dd8d4350bfa2289bf4bc4518
2026-10-05,73f524d,instance,256,256,1,20,recursive,median,4,15,27.454,0.005,65536,57035,56309,178880,2325440,2397050,244266,91130180dd8d4350bfa2289bf4bc4518
2026-10-05,73f524d,instance,256,256,1,20,iterative,median,4,15,30.534,0.005,65536,57035,56309,178880,2325440,2397050,244266,91130180dd8d4350bfa2289bf4bc4518
2026-10-05,73f524d,nonhier2,512,512,1,20,linear,median,4,15,90.572,0.023,262144,295460,140051,697655,1395310,0,50231160,2f4027625c3a93f15b219e5327e0d0d5
2026-10-05,73f524d,nonhier2,512,512,1,20,recursive,median,4,15,46.123,0.014,262144,295460,140051,697655,1395310,1836334,418081,2f4027625c3a93f15b219e5327e0d0d5
2026-10-05,73f524d,nonhier2,512,512,1,20,iterative,median,4,15,39.956,0.014,262144,295460,140051,697655,1395310,1836334,418081,2f4027625c3a93f15b219e5327e0d0d5
2026-10-05,73f524d,macho-cows,256,256,1,20,linear,median,4,16,5348.838,2.410,65536,60242,58937,184715,3140155,0,3264652910,29a5bb767115b60dea93850af9750aed
2026-10-05,73f524d,macho-cows,256,256,1,20,recursive,median,4,16,31.429,2.514,65536,60242,58937,184715,3140155,4069473,493144,29a5bb767115b60dea93850af9750aed
2026-10-05,73f524d,macho-cows,256,256,1,20,iterative,median,4,16,33.659,2.407,65536,60242,58937,184715,3140155,4069473,493144,29a5bb767115b60dea93850af9750aed
2026-10-05,73f524d,hier,256,256,1,20,linear,median,4,16,29.100,0.011,65536,114496,56511,236543,946172,0,14665666,624ae405112ef23f4d06c01330c14529
2026-10-05,73f524d,hier,256,256,1,20,recursive,median,4,16,20.037,0.011,65536,114496,56511,236543,946172,1527558,493928,624ae405112ef23f4d06c01330c14529
2026-10-05,73f524d,hier,256,256,1,20,iterative,median,4,16,20.845,0.012,65536,114496,56511,236543,946172,1527558,493928,624ae405112ef23f4d06c01330c14529
2026-10-05,73f524d,instance,256,256,1,20,linear,median,4,16,48.608,0.005,65536,57035,56309,178880,2325440,0,26116480,91130180dd8d4350bfa2289bf4bc4518
2026-10-05,73f524d,instance,256,256,1,20,recursive,median,4,16,32.221,0.005,65536,57035,56309,178880,2325440,2397050,244266,91130180dd8d4350bfa2289bf4bc4518
2026-10-05,73f524d,instance,256,256,1,20,iterative,median,4,16,25.481,0.005,65536,57035,56309,178880,2325440,2397050,244266,91130180dd8d4350bfa2289bf4bc4518
2026-10-05,73f524d,nonhier2,512,512,1,20,linear,median,4,16,88.081,0.023,262144,295460,140051,697655,1395310,0,50231160,2f4027625c3a93f15b219e5327e0d0d5
2026-10-05,73f524d,nonhier2,512,512,1,20,recursive,median,4,16,38.651,0.014,262144,295460,140051,697655,1395310,1836334,418081,2f4027625c3a93f15b219e5327e0d0d5
2026-10-05,73f524d,nonhier2,512,512,1,20,iterative,median,4,16,40.797,0.014,262144,295460,140051,697655,1395310,1836334,418081,2f4027625c3a93f15b219e5327e0d0d5
2026-10-05,73f524d,macho-cows,256,256,1,20,linear,median,4,17,5199.470,2.410,65536,60242,58937,184715,3140155,0,3264652910,29a5bb767115b60dea93850af9750aed
2026-10-05,73f524d,macho-cows,256,256,1,20,recursive,median,4,17,37.783,2.514,65536,60242,58937,184715,3140155,4069473,493144,29a5bb767115b60dea93850af9750aed
2026-10-05,73f524d,macho-cows,256,256,1,20,iterative,median,4,17,31.517,2.407,65536,60242,58937,184715,3140155,4069473,493144,29a5bb767115b60dea93850af9750aed
2026-10-05,73f524d,hier,256,256,1,20,linear,median,4,17,29.744,0.011,65536,114496,56511,236543,946172,0,14665666,624ae405112ef23f4d06c01330c14529
2026-10-05,73f524d,hier,256,256,1,20,recursive,median,4,17,22.690,0.011,65536,114496,56511,236543,946172,1527558,493928,624ae405112ef23f4d06c01330c14529
2026-10-05,73f524d,hier,256,256,1,20,iterative,median,4,17,20.091,0.012,65536,114496,56511,236543,946172,1527558,493928,624ae405112ef23f4d06c01330c14529
2026-10-05,73f524d,instance,256,256,1,20,linear,median,4,17,47.702,0.005,65536,57035,56309,178880,2325440,0,26116480,91130180dd8d4350bfa2289bf4bc4518
2026-10-05,73f524d,instance,256,256,1,20,recursive,median,4,17,25.705,0.005,65536,57035,56309,178880,2325440,2397050,244266,91130180dd8d4350bfa2289bf4bc4518
2026-10-05,73f524d,instance,256,256,1,20,iterative,median,4,17,24.485,0.005,65536,57035,56309,178880,2325440,2397050,244266,91130180dd8d4350bfa2289bf4bc4518
2026-10-05,73f524d,nonhier2,512,512,1,20,linear,median,4,17,90.825,0.023,262144,295460,140051,697655,1395310,0,50231160,2f4027625c3a93f15b219e5327e0d0d5
2026-10-05,73f524d,nonhier2,512,512,1,20,recursive,median,4,17,42.264,0.014,262144,295460,140051,697655,1395310,1836334,418081,2f4027625c3a93f15b219e5327e0d0d5
2026-10-05,73f524d,nonhier2,512,512,1,20,iterative,median,4,17,42.213,0.014,262144,295460,140051,697655,1395310,1836334,418081,2f4027625c3a93f15b219e5327e0d0d5
2026-10-05,73f524d,macho-cows,256,256,1,20,linear,median,4,18,5460.395,2.410,65536,60242,58937,184715,3140155,0,3264652910,29a5bb767115b60dea93850af9750aed
2026-10-05,73f524d,macho-cows,256,256,1,20,recursive,median,4,18,34.019,2.514,65536,60242,58937,184715,3140155,4069473,493144,29a5bb767115b60dea93850af9750aed
2026-10-05,73f524d,macho-cows,256,256,1,20,iterative,median,4,18,32.784,2.407,65536,60242,58937,184715,3140155,4069473,493144,29a5bb767115b60dea93850af9750aed
2026-10-05,73f524d,hier,256,256,1,20,linear,median,4,18,30.349,0.011,65536,114496,56511,236543,946172,0,14665666,624ae405112ef23f4d06c01330c14529
2026-10-05,73f524d,hier,256,256,1,20,recursive,median,4,18,19.214,0.011,65536,114496,56511,236543,946172,1527558,493928,624ae405112ef23f4d06c01330c14529
2026-10-05,73f524d,hier,256,256,1,20,iterative,median,4,18,19.833,0.012,65536,114496,56511,236543,946172,1527558,493928,624ae405112ef23f4d06c01330c14529
2026-10-05,73f524d,instance,256,256,1,20,linear,median,4,18,48.786,0.005,65536,57035,56309,178880,2325440,0,26116480,91130180dd8d4350bfa2289bf4bc4518
2026-10-05,73f524d,instance,256,256,1,20,recursive,median,4,18,29.070,0.005,65536,57035,56309,178880,2325440,2397050,244266,91130180dd8d4350bfa2289bf4bc4518
2026-10-05,73f524d,instance,256,256,1,20,iterative,median,4,18,28.738,0.005,65536,57035,56309,178880,2325440,2397050,244266,91130180dd8d4350bfa2289bf4bc4518
2026-10-05,73f524d,nonhier2,512,512,1,20,linear,median,4,18,95.193,0.023,262144,295460,140051,697655,1395310,0,50231160,2f4027625c3a93f15b219e5327e0d0d5
2026-10-05,73f524d,nonhier2,512,512,1,20,recursive,median,4,18,42.115,0.014,262144,295460,140051,697655,1395310,1836334,418081,2f4027625c3a93f15b219e5327e0d0d5
2026-10-05,73f524d,nonhier2,512,512,1,20,iterative,median,4,18,38.959,0.014,262144,295460,140051,697655,1395310,1836334,418081,2f4027625c3a93f15b219e5327e0d0d5
2026-10-05,73f524d,macho-cows,256,256,1,20,linear,median,4,19,5361.688,2.410,65536,60242,58937,184715,3140155,0,3264652910,29a5bb767115b60dea93850af9750aed
2026-10-05,73f524d,macho-cows,256,256,1,20,recursive,median,4,19,40.655,2.514,65536,60242,58937,184715,3140155,4069473,493144,29a5bb767115b60dea93850af9750aed
2026-10-05,73f524d,macho-cows,256,256,1,20,iterative,median,4,19,30.542,2.407,65536,60242,58937,184715,3140155,4069473,493144,29a5bb767115b60dea93850af9750aed
2026-10-05,73f524d,hier,256,256,1,20,linear,median,4,19,31.731,0.011,65536,114496,56511,236543,946172,0,14665666,624ae405112ef23f4d06c01330c14529
2026-10-05,73f524d,hier,256,256,1,20,recursive,median,4,19,20.554,0.011,65536,114496,56511,236543,946172,1527558,493928,624ae405112ef23f4d06c01330c14529
2026-10-05,73f524d,hier,256,256,1,20,iterative,median,4,19,24.471,0.012,65536,114496,56511,236543,946172,1527558,493928,624ae405112ef23f4d06c01330c14529
2026-10-05,73f524d,instance,256,256,1,20,linear,median,4,19,46.897,0.005,65536,57035,56309,178880,2325440,0,26116480,91130180dd8d4350bfa2289bf4bc4518
2026-10-05,73f524d,instance,256,256,1,20,recursive,median,4,19,35.946,0.005,65536,57035,56309,178880,2325440,2397050,244266,91130180dd8d4350bfa2289bf4bc4518
2026-10-05,73f524d,instance,256,256,1,20,iterative,median,4,19,25.991,0.005,65536,57035,56309,178880,2325440,2397050,244266,91130180dd8d4350bfa2289bf4bc4518
2026-10-05,73f524d,nonhier2,512,512,1,20,linear,median,4,19,92.906,0.023,262144,295460,140051,697655,1395310,0,50231160,2f4027625c3a93f15b219e5327e0d0d5
2026-10-05,73f524d,nonhier2,512,512,1,20,recursive,median,4,19,47.812,0.014,262144,295460,140051,697655,1395310,1836334,418081,2f4027625c3a93f15b219e5327e0d0d5
2026-10-05,73f524d,nonhier2,512,512,1,20,iterative,median,4,19,39.737,0.014,262144,295460,140051,697655,1395310,1836334,418081,2f4027625c3a93f15b219e5327e0d0d5
2026-10-05,73f524d,macho-cows,256,256,1,20,linear,median,4,20,5332.427,2.410,65536,60242,58937,184715,3140155,0,3264652910,29a5bb767115b60dea93850af9750aed
2026-10-05,73f524d,macho-cows,256,256,1,20,recursive,median,4,20,38.507,2.514,65536,60242,58937,184715,3140155,4069473,493144,29a5bb767115b60dea93850af9750aed
2026-10-05,73f524d,macho-cows,256,256,1,20,iterative,median,4,20,30.698,2.407,65536,60242,58937,184715,3140155,4069473,493144,29a5bb767115b60dea93850af9750aed
2026-10-05,73f524d,hier,256,256,1,20,linear,median,4,20,30.946,0.011,65536,114496,56511,236543,946172,0,14665666,624ae405112ef23f4d06c01330c14529
2026-10-05,73f524d,hier,256,256,1,20,recursive,median,4,20,21.674,0.011,65536,114496,56511,236543,946172,1527558,493928,624ae405112ef23f4d06c01330c14529
2026-10-05,73f524d,hier,256,256,1,20,iterative,median,4,20,20.004,0.012,65536,114496,56511,236543,946172,1527558,493928,624ae405112ef23f4d06c01330c14529
2026-10-05,73f524d,instance,256,256,1,20,linear,median,4,20,45.772,0.005,65536,57035,56309,178880,2325440,0,26116480,91130180dd8d4350bfa2289bf4bc4518
2026-10-05,73f524d,instance,256,256,1,20,recursive,median,4,20,25.485,0.005,65536,57035,56309,178880,2325440,2397050,244266,91130180dd8d4350bfa2289bf4bc4518
2026-10-05,73f524d,instance,256,256,1,20,iterative,median,4,20,27.333,0.005,65536,57035,56309,178880,2325440,2397050,244266,91130180dd8d4350bfa2289bf4bc4518
2026-10-05,73f524d,nonhier2,512,512,1,20,linear,median,4,20,96.543,0.023,262144,295460,140051,697655,1395310,0,50231160,2f4027625c3a93f15b219e5327e0d0d5
2026-10-05,73f524d,nonhier2,512,512,1,20,recursive,median,4,20,37.860,0.014,262144,295460,140051,697655,1395310,1836334,418081,2f4027625c3a93f15b219e5327e0d0d5
2026-10-05,73f524d,nonhier2,512,512,1,20,iterative,median,4,20,41.117,0.014,262144,295460,140051,697655,1395310,1836334,418081,2f4027625c3a93f15b219e5327e0d0d5
2026-10-05,73f524d,cornell_box,400,400,32,20,recursive,median,4,1,2003.317,9.670,5120000,13510091,13901970,32532061,260256488,785339570,276695380,e8fae1a606291a7dd95493417b83f1eb
2026-10-05,73f524d,cornell_box,400,400,32,20,iterative,median,4,1,2016.795,9.330,5120000,13510091,13901970,32532061,260256488,785339570,276695380,e8fae1a606291a7dd95493417b83f1eb
2026-10-05,73f524d,rtiow_final,480,270,32,20,recursive,median,4,1,17824.918,3.081,4147200,3488638,4566883,12202721,2916450319,2958977539,37018412,7aab7cdd6bd60833a51a5bed1ee2e552
2026-10-05,73f524d,rtiow_final,480,270,32,20,iterative,median,4,1,18539.366,3.000,4147200,3488638,4566883,12202721,2916450319,2958977539,37018412,7aab7cdd6bd60833a51a5bed1ee2e552
2026-10-05,73f524d,cornell_box,400,400,32,20,recursive,median,4,2,2219.476,9.670,5120000,13510091,13901970,32532061,260256488,785339570,276695380,e8fae1a606291a7dd95493417b83f1eb
2026-10-05,73f524d,cornell_box,400,400,32,20,iterative,median,4,2,2722.259,9.330,5120000,13510091,13901970,32532061,260256488,785339570,276695380,e8fae1a606291a7dd95493417b83f1eb
2026-10-05,73f524d,rtiow_final,480,270,32,20,recursive,median,4,2,24624.767,3.081,4147200,3488638,4566883,12202721,2916450319,2958977539,37018412,7aab7cdd6bd60833a51a5bed1ee2e552
2026-10-05,73f524d,rtiow_final,480,270,32,20,iterative,median,4,2,22812.341,3.000,4147200,3488638,4566883,12202721,2916450319,2958977539,37018412,7aab7cdd6bd60833a51a5bed1ee2e552
2026-10-05,73f524d,cornell_box,400,400,32,20,recursive,median,4,3,2680.988,9.670,5120000,13510091,13901970,32532061,260256488,785339570,276695380,e8fae1a606291a7dd95493417b83f1eb
2026-10-05,73f524d,cornell_box,400,400,32,20,iterative,median,4,3,2578.078,9.330,5120000,13510091,13901970,32532061,260256488,785339570,276695380,e8fae1a606291a7dd95493417b83f1eb
2026-10-05,73f524d,rtiow_final,480,270,32,20,recursive,median,4,3,23616.316,3.081,4147200,3488638,4566883,12202721,2916450319,2958977539,37018412,7aab7cdd6bd60833a51a5bed1ee2e552
2026-10-05,73f524d,rtiow_final,480,270,32,20,iterative,median,4,3,21063.003,3.000,4147200,3488638,4566883,12202721,2916450319,2958977539,37018412,7aab7cdd6bd60833a51a5bed1ee2e552
2026-10-05,73f524d,cornell_box,400,400,32,20,recursive,median,4,4,2654.577,9.670,5120000,13510091,13901970,32532061,260256488,785339570,276695380,e8fae1a606291a7dd95493417b83f1eb
2026-10-05,73f524d,cornell_box,400,400,32,20,iterative,median,4,4,2628.302,9.330,5120000,13510091,13901970,32532061,260256488,785339570,276695380,e8fae1a606291a7dd95493417b83f1eb
2026-10-05,73f524d,rtiow_final,480,270,32,20,recursive,median,4,4,23595.967,3.081,4147200,3488638,4566883,12202721,2916450319,2958977539,37018412,7aab7cdd6bd60833a51a5bed1ee2e552
2026-10-05,73f524d,rtiow_final,480,270,32,20,iterative,median,4,4,19950.410,3.000,4147200,3488638,4566883,12202721,2916450319,2958977539,37018412,7aab7cdd6bd60833a51a5bed1ee2e552
2026-10-05,73f524d,cornell_box,400,400,32,20,recursive,median,4,5,2908.135,9.670,5120000,13510091,13901970,32532061,260256488,785339570,276695380,e8fae1a606291a7dd95493417b83f1eb
2026-10-05,73f524d,cornell_box,400,400,32,20,iterative,median,4,5,2640.174,9.330,5120000,13510091,13901970,32532061,260256488,785339570,276695380,e8fae1a606291a7dd95493417b83f1eb
2026-10-05,73f524d,rtiow_final,480,270,32,20,recursive,median,4,5,23358.470,3.081,4147200,3488638,4566883,12202721,2916450319,2958977539,37018412,7aab7cdd6bd60833a51a5bed1ee2e552
2026-10-05,73f524d,rtiow_final,480,270,32,20,iterative,median,4,5,21228.744,3.000,4147200,3488638,4566883,12202721,2916450319,2958977539,37018412,7aab7cdd6bd60833a51a5bed1ee2e552
